store,date,weekday,start_time,end_time,course_name,instructor,room,is_substitution
台中豐原,2026/05/25,星期一,08:10,09:10,哈達瑜珈,L,有氧大教室,False
台中豐原,2026/05/25,星期一,09:20,10:20,ZUMBA,Celestie,有氧大教室,False
台中豐原,2026/05/25,星期一,10:30,11:30,樂活極球,Celestie,有氧大教室,False
台中豐原,2026/05/25,星期一,15:00,16:00,POWER PILATES,Ulla,有氧大教室,False
台中豐原,2026/05/25,星期一,18:00,19:00,流動瑜珈,好豪,有氧大教室,True
台中豐原,2026/05/25,星期一,19:10,20:10,流行MV舞蹈,海豹,有氧大教室,True
台中豐原,2026/05/25,星期一,19:10,20:00,飛輪課程,Jacky 陳,飛輪教室,True
台中豐原,2026/05/25,星期一,20:20,21:20,伸展瑜珈,Allen詹,有氧大教室,True
台中豐原,2026/05/25,星期一,20:20,21:10,E-Cycle-肌力循環,Jacky 陳,飛輪教室,False
台中豐原,2026/05/25,星期一,21:30,22:30,極限槓鈴,Jacky 陳,有氧大教室,False
台中豐原,2026/05/26,星期二,09:20,10:20,伸展瑜珈,海苔,有氧大教室,False
台中豐原,2026/05/26,星期二,10:30,11:30,全能槓鈴,小鶴,有氧大教室,False
台中豐原,2026/05/26,星期二,10:30,11:20,飛輪課程,Ken,飛輪教室,False
台中豐原,2026/05/26,星期二,12:10,12:55,懷舊迪斯可,Dora 李,有氧大教室,False
台中豐原,2026/05/26,星期二,18:00,19:00,武力對決,Eaton,有氧大教室,False
台中豐原,2026/05/26,星期二,19:10,20:10,和緩體適能(自備滾筒),Eaton,有氧大教室,False
台中豐原,2026/05/26,星期二,19:10,20:00,E-Cycle-間歇循環,阿崴,飛輪教室,False
台中豐原,2026/05/26,星期二,20:20,21:20,全能踏板,阿崴,有氧大教室,False
台中豐原,2026/05/26,星期二,20:20,21:10,飛輪課程,Kenny H.,飛輪教室,False
台中豐原,2026/05/27,星期三,08:10,09:10,流行MV熱舞,海豹,有氧大教室,False
台中豐原,2026/05/27,星期三,09:20,10:20,階梯有氧,Randy,有氧大教室,False
台中豐原,2026/05/27,星期三,10:30,11:30,樂活瑜珈,肉迪,有氧大教室,False
台中豐原,2026/05/27,星期三,15:00,16:00,戰鬥有氧,May 林,有氧大教室,False
台中豐原,2026/05/27,星期三,18:00,19:00,流動瑜珈,Allen詹,有氧大教室,False
台中豐原,2026/05/27,星期三,19:10,20:10,全能槓鈴,Adam,有氧大教室,False
台中豐原,2026/05/27,星期三,19:10,20:00,飛輪課程,小綠,飛輪教室,False
台中豐原,2026/05/27,星期三,20:20,21:20,POWER PILATES,大錚,有氧大教室,False
台中豐原,2026/05/27,星期三,20:20,21:10,飛輪課程,Adam,飛輪教室,False
台中豐原,2026/05/27,星期三,21:30,22:30,ZUMBA,大錚,有氧大教室,False
台中豐原,2026/05/28,星期四,09:20,10:20,火箭瑜珈,Kimi,有氧大教室,False
台中豐原,2026/05/28,星期四,10:30,11:30,戰鬥有氧,Sky,有氧大教室,False
台中豐原,2026/05/28,星期四,10:30,11:20,E-Cycle-肌力循環,Jacky 陳,飛輪教室,False
台中豐原,2026/05/28,星期四,12:10,13:10,療癒瑜珈,FiFi,有氧大教室,False
台中豐原,2026/05/28,星期四,18:00,19:00,活力躍蹦,XinFu,有氧大教室,False
台中豐原,2026/05/28,星期四,19:10,20:10,樂活瑜珈,XinFu,有氧大教室,False
台中豐原,2026/05/28,星期四,19:10,20:00,飛輪課程,Edward,飛輪教室,False
台中豐原,2026/05/28,星期四,20:20,21:10,飛輪課程,Edward,飛輪教室,False
台中豐原,2026/05/28,星期四,20:20,21:20,基礎有氧,香芬,有氧大教室,False
台中豐原,2026/05/29,星期五,08:10,09:10,iWALK愛健走,肉迪,有氧大教室,False
台中豐原,2026/05/29,星期五,09:20,10:20,全能踏板,Bob C.,有氧大教室,False
台中豐原,2026/05/29,星期五,10:30,11:30,陰陽瑜珈,Rose,有氧大教室,False
台中豐原,2026/05/29,星期五,15:00,16:00,花式階梯,Randy,有氧大教室,False
台中豐原,2026/05/29,星期五,18:00,19:00,哈達瑜珈,大喬,有氧大教室,False
台中豐原,2026/05/29,星期五,19:10,20:10,戰鬥有氧,Kim,有氧大教室,False
台中豐原,2026/05/29,星期五,19:10,20:00,飛輪課程,Anny Liu,飛輪教室,False
台中豐原,2026/05/29,星期五,20:20,21:20,流行MV熱舞,海豹,有氧大教室,False
台中豐原,2026/05/29,星期五,20:20,21:10,飛輪課程,Kim,飛輪教室,False
台中豐原,2026/05/29,星期五,21:30,22:30,串聯瑜珈,L,有氧大教室,False
台中豐原,2026/05/30,星期六,10:10,11:10,流動瑜珈,Anne L.,有氧大教室,False
台中豐原,2026/05/30,星期六,10:10,11:00,飛輪課程,Darren Z.,飛輪教室,False
台中豐原,2026/05/30,星期六,11:20,12:20,全能槓鈴,May 林,有氧大教室,False
台中豐原,2026/05/30,星期六,15:10,16:10,基礎有氧,香芬,有氧大教室,False
台中豐原,2026/05/30,星期六,16:20,17:20,瑜珈提斯,Winnie,有氧大教室,False
台中豐原,2026/05/30,星期六,17:30,18:30,活力躍蹦,Winnie,有氧大教室,False
台中豐原,2026/05/31,星期日,10:10,11:10,全能踏板,XinFu,有氧大教室,False
台中豐原,2026/05/31,星期日,10:10,11:00,E-Cycle-耐力循環,Bob C.,飛輪教室,False
台中豐原,2026/05/31,星期日,11:20,12:20,樂活瑜珈,XinFu,有氧大教室,False
台中豐原,2026/05/31,星期日,15:10,16:10,舞動有氧,香芬,有氧大教室,True
台中豐原,2026/05/31,星期日,16:20,17:20,高低衝擊有氧,好豪,有氧大教室,True
台中豐原,2026/05/31,星期日,17:30,18:30,伸展瑜珈,好豪,有氧大教室,True
台北信義,2026/05/25,星期一,08:30,09:30,樂活極球,小詹,有氧大教室,False
台北信義,2026/05/25,星期一,09:40,10:40,流動瑜珈,Inder,有氧大教室,False
台北信義,2026/05/25,星期一,12:15,13:15,伸展瑜珈,徐克威,有氧大教室,False
台北信義,2026/05/25,星期一,12:15,13:05,EOXi,Fanny T.,飛輪教室,False
台北信義,2026/05/25,星期一,18:00,19:00,雷米斯熱舞,Jackie,有氧大教室,False
台北信義,2026/05/25,星期一,19:10,20:10,極限戰鬥,Shani Y.,有氧大教室,False
台北信義,2026/05/25,星期一,19:10,20:00,E-Cycle-肌力循環,Chuck W.,飛輪教室,False
台北信義,2026/05/25,星期一,20:20,21:20,POWER PILATES,Oliver H.,有氧大教室,False
台北信義,2026/05/26,星期二,08:30,09:30,陰瑜珈,Sean,有氧大教室,True
台北信義,2026/05/26,星期二,09:40,10:40,極限槓鈴,金仁,有氧大教室,False
台北信義,2026/05/26,星期二,12:15,13:15,戰鬥有氧,嘉圖,有氧大教室,False
台北信義,2026/05/26,星期二,12:15,13:05,EOXi,阿魯,飛輪教室,False
台北信義,2026/05/26,星期二,14:00,14:50,飛輪課程,BoBi T.,飛輪教室,False
台北信義,2026/05/26,星期二,15:10,16:10,混合有氧,Jackie,有氧大教室,False
台北信義,2026/05/26,星期二,18:00,19:00,輕流動,Emma林,有氧大教室,False
台北信義,2026/05/26,星期二,18:00,18:50,EOXi,Jerry Y.,飛輪教室,False
台北信義,2026/05/26,星期二,19:10,20:10,流行MV熱舞,李拉拉,有氧大教室,False
台北信義,2026/05/26,星期二,19:10,20:00,飛輪課程,Hanji C.,飛輪教室,False
台北信義,2026/05/26,星期二,20:20,21:20,超能彈跳,Ulrica C.,有氧大教室,False
台北信義,2026/05/26,星期二,20:20,21:10,飛輪課程,Hanji C.,飛輪教室,False
台北信義,2026/05/26,星期二,21:30,22:30,陰瑜珈,SONI,有氧大教室,False
台北信義,2026/05/27,星期三,08:30,09:30,活力有氧,Hermit L.,有氧大教室,True
台北信義,2026/05/27,星期三,09:40,10:40,武力對決,Chris Ni,有氧大教室,False
台北信義,2026/05/27,星期三,12:15,13:15,串聯瑜珈,SONI,有氧大教室,False
台北信義,2026/05/27,星期三,12:15,13:05,飛輪課程,Charles Y.,飛輪教室,False
台北信義,2026/05/27,星期三,18:00,19:00,花式有氧,徐克威,有氧大教室,False
台北信義,2026/05/27,星期三,18:00,18:50,E-Cycle-間歇循環,ViVi H.,飛輪教室,False
台北信義,2026/05/27,星期三,19:10,20:10,和緩瑜珈,徐克威,有氧大教室,False
台北信義,2026/05/27,星期三,19:10,20:00,飛輪課程,葦葦,飛輪教室,False
台北信義,2026/05/27,星期三,20:20,21:20,全能槓鈴,R.K.,有氧大教室,False
台北信義,2026/05/28,星期四,08:30,09:30,肚皮舞,雅雅,有氧大教室,False
台北信義,2026/05/28,星期四,09:40,10:40,輕流動,香香,有氧大教室,False
台北信義,2026/05/28,星期四,12:15,13:15,超能彈跳,Ulrica C.,有氧大教室,False
台北信義,2026/05/28,星期四,12:15,13:05,飛輪課程,Ally W.,飛輪教室,False
台北信義,2026/05/28,星期四,14:00,14:50,飛輪課程,金仁,飛輪教室,False
台北信義,2026/05/28,星期四,15:10,16:10,皮拉提斯,Chris王,有氧大教室,False
台北信義,2026/05/28,星期四,18:00,19:00,基礎瑜珈,婷婷,有氧大教室,False
台北信義,2026/05/28,星期四,18:00,18:50,飛輪課程,Charles Y.,飛輪教室,False
台北信義,2026/05/28,星期四,19:10,20:10,極限槓鈴,Gin W.,有氧大教室,False
台北信義,2026/05/28,星期四,19:10,20:00,EOXi,阿魯,飛輪教室,False
台北信義,2026/05/28,星期四,20:20,21:20,哈達瑜珈,Ivy Chi,有氧大教室,False
台北信義,2026/05/28,星期四,20:20,21:10,E-Cycle-耐力循環,Tina Y.,飛輪教室,False
台北信義,2026/05/28,星期四,21:30,22:30,戰鬥有氧,嘉圖,有氧大教室,False
台北信義,2026/05/29,星期五,08:30,09:30,陰瑜珈,Sean,有氧大教室,False
台北信義,2026/05/29,星期五,09:40,10:40,芭蕾雕塑,李拉拉,有氧大教室,False
台北信義,2026/05/29,星期五,12:15,13:15,極限槓鈴,ViVi H.,有氧大教室,True
台北信義,2026/05/29,星期五,12:15,13:05,飛輪課程,BoBi T.,飛輪教室,False
台北信義,2026/05/29,星期五,18:00,19:00,活力躍蹦,Jack H.,有氧大教室,False
台北信義,2026/05/29,星期五,19:10,20:10,輕流動,Jack H.,有氧大教室,False
台北信義,2026/05/29,星期五,19:10,19:55,E-Cycle-基礎課程,天天,飛輪教室,False
台北信義,2026/05/29,星期五,20:20,21:20,F.H.J,CRYSTAL L.,有氧大教室,False
台北信義,2026/05/30,星期六,09:00,10:00,哈達瑜珈,SONI,有氧大教室,False
台北信義,2026/05/30,星期六,10:10,11:10,活力躍蹦,柏瑞 H.,有氧大教室,False
台北信義,2026/05/30,星期六,10:10,11:00,EOXi,Fanny T.,飛輪教室,False
台北信義,2026/05/30,星期六,11:20,12:20,樂活極球,Anderson L.,有氧大教室,True
台北信義,2026/05/30,星期六,15:00,15:50,EOXi,Jerry Y.,飛輪教室,False
台北信義,2026/05/30,星期六,16:10,17:10,雷米斯熱舞,禎禎,有氧大教室,False
台北信義,2026/05/30,星期六,17:20,18:20,輕流動,香香,有氧大教室,False
台北信義,2026/05/31,星期日,09:00,10:00,流行MV熱舞,李拉拉,有氧大教室,False
台北信義,2026/05/31,星期日,10:10,11:10,療癒瑜珈,Winnie葉,有氧大教室,False
台北信義,2026/05/31,星期日,10:10,11:00,飛輪課程,Julia,飛輪教室,False
台北信義,2026/05/31,星期日,11:20,12:20,極限槓鈴,金仁,有氧大教室,False
台北信義,2026/05/31,星期日,15:00,15:50,E-Cycle-間歇循環,Tina Y.,飛輪教室,False
台北信義,2026/05/31,星期日,16:10,17:10,伸展瑜珈,Nonie L.,有氧大教室,True
台北信義,2026/05/31,星期日,17:20,18:20,戰鬥有氧,嘉圖,有氧大教室,False
台南永康,2026/05/25,星期一,09:10,10:10,全能踏板,宥宥,有氧大教室,True
台南永康,2026/05/25,星期一,10:20,11:20,樂活瑜珈,珊珊,有氧大教室,False
台南永康,2026/05/25,星期一,18:10,19:10,活力躍蹦,KK H.,有氧大教室,False
台南永康,2026/05/25,星期一,19:20,20:05,蕾之律,Kathy,有氧大教室,False
台南永康,2026/05/25,星期一,19:20,20:10,飛輪課程,KK H.,飛輪教室,False
台南永康,2026/05/25,星期一,20:30,21:30,正位瑜珈,Kathy,有氧大教室,False
台南永康,2026/05/25,星期一,20:30,21:20,E-Cycle-間歇循環,瑋瑋,飛輪教室,False
台南永康,2026/05/25,星期一,21:40,22:30,E-Cycle-肌力循環,瑋瑋,飛輪教室,False
台南永康,2026/05/26,星期二,09:10,10:10,全能槓鈴,小葳,有氧大教室,False
台南永康,2026/05/26,星期二,10:20,11:10,飛輪課程,老爹,飛輪教室,False
台南永康,2026/05/26,星期二,12:10,13:10,全能踏板,貝爾,有氧大教室,False
台南永康,2026/05/26,星期二,14:00,15:00,伸展瑜珈,Nicole,有氧大教室,False
台南永康,2026/05/26,星期二,19:20,20:20,輕流動,小葳,有氧大教室,False
台南永康,2026/05/26,星期二,19:20,20:10,飛輪課程,Phoebe L,飛輪教室,False
台南永康,2026/05/26,星期二,20:30,21:30,極限槓鈴,格亘,有氧大教室,True
台南永康,2026/05/26,星期二,20:30,21:20,飛輪課程,Ray W.,飛輪教室,False
台南永康,2026/05/26,星期二,21:40,22:40,樂活瑜珈,小B,有氧大教室,False
台南永康,2026/05/27,星期三,09:10,10:10,適能伸展,Carter,有氧大教室,False
台南永康,2026/05/27,星期三,10:20,11:20,武力對決,Carter,有氧大教室,False
台南永康,2026/05/27,星期三,12:10,13:10,POWER PILATES,Joling,有氧大教室,False
台南永康,2026/05/27,星期三,14:00,15:00,流行MV熱舞,Beca,有氧大教室,False
台南永康,2026/05/27,星期三,18:10,19:10,哈達瑜珈,佳恆,有氧大教室,False
台南永康,2026/05/27,星期三,19:20,20:05,輕體塑,小彥,有氧大教室,False
台南永康,2026/05/27,星期三,19:20,20:10,E-Cycle-肌力循環,Ariel H.,飛輪教室,False
台南永康,2026/05/27,星期三,20:30,21:30,和緩體適能(自備滾筒),小彥,有氧大教室,False
台南永康,2026/05/27,星期三,20:30,21:20,飛輪課程,秉呈,飛輪教室,False
台南永康,2026/05/27,星期三,21:40,22:30,飛輪課程,KK H.,飛輪教室,False
台南永康,2026/05/28,星期四,09:10,09:55,輕體塑,Ariel H.,有氧大教室,False
台南永康,2026/05/28,星期四,10:20,11:10,飛輪課程,KK H.,飛輪教室,False
台南永康,2026/05/28,星期四,12:10,13:10,武力對決,小彥,有氧大教室,False
台南永康,2026/05/28,星期四,14:00,15:00,和緩體適能(自備滾筒),小彥,有氧大教室,False
台南永康,2026/05/28,星期四,19:20,20:20,POWER PILATES,Tinty,有氧大教室,False
台南永康,2026/05/28,星期四,19:20,20:10,飛輪課程,Wanda,飛輪教室,False
台南永康,2026/05/28,星期四,20:30,21:30,ZUMBA,婷芳,有氧大教室,False
台南永康,2026/05/28,星期四,20:30,21:20,飛輪課程,宮城,飛輪教室,False
台南永康,2026/05/28,星期四,21:40,22:40,極限槓鈴,格亘,有氧大教室,True
台南永康,2026/05/29,星期五,09:10,10:10,POWER PILATES,Edith,有氧大教室,False
台南永康,2026/05/29,星期五,10:20,11:20,超能彈跳,KK H.,有氧大教室,False
台南永康,2026/05/29,星期五,18:10,19:10,STRONG NATION,奧利弗,有氧大教室,False
台南永康,2026/05/29,星期五,19:20,20:20,雷米斯熱舞,Bali,有氧大教室,True
台南永康,2026/05/29,星期五,19:20,20:10,飛輪課程,Jeremy C,飛輪教室,False
台南永康,2026/05/29,星期五,20:30,21:30,流動瑜珈,佳恆,有氧大教室,False
台南永康,2026/05/29,星期五,20:30,21:20,飛輪課程,Phoebe L,飛輪教室,False
台南永康,2026/05/29,星期五,21:40,22:30,飛輪課程,Bao L.,飛輪教室,False
台南永康,2026/05/30,星期六,09:00,10:00,ZUMBA,Tinty,有氧大教室,False
台南永康,2026/05/30,星期六,10:10,11:10,POWER PILATES,Tinty,有氧大教室,False
台南永康,2026/05/30,星期六,15:00,15:50,E-Cycle-肌力循環,小葳,飛輪教室,False
台南永康,2026/05/30,星期六,16:10,17:10,全能踏板,奧利弗,有氧大教室,False
台南永康,2026/05/30,星期六,17:20,18:20,舒活瑜珈,Joling,有氧大教室,False
台南永康,2026/05/31,星期日,09:00,09:45,蕾之律,珊珊,有氧大教室,False
台南永康,2026/05/31,星期日,10:10,10:55,輕體塑,珊珊,有氧大教室,False
台南永康,2026/05/31,星期日,15:00,15:50,飛輪課程,Bao L.,飛輪教室,False
台南永康,2026/05/31,星期日,16:10,17:10,樂活瑜珈,小B,有氧大教室,False
台南永康,2026/05/31,星期日,17:20,18:20,武力對決,小B,有氧大教室,False
新北三重,2026/05/25,星期一,09:40,10:40,活力有氧,Vic,有氧大教室,False
新北三重,2026/05/25,星期一,10:50,11:50,瑜珈提斯,Vic,有氧大教室,False
新北三重,2026/05/25,星期一,12:15,13:15,活力躍蹦,Ray C.,有氧大教室,False
新北三重,2026/05/25,星期一,14:00,15:00,武力對決,Ben L.,有氧大教室,False
新北三重,2026/05/25,星期一,18:00,19:00,伸展瑜珈,Sean,有氧大教室,False
新北三重,2026/05/25,星期一,19:10,20:10,流行爵士,徐克威,有氧大教室,False
新北三重,2026/05/25,星期一,19:10,20:00,E-Cycle-肌力循環,Leon L.,飛輪教室,False
新北三重,2026/05/25,星期一,20:20,21:20,輕流動,Emma林,有氧大教室,False
新北三重,2026/05/25,星期一,20:20,21:10,飛輪課程,KiKi黃,飛輪教室,False
新北三重,2026/05/25,星期一,21:30,22:30,全能槓鈴,小范,有氧大教室,False
新北三重,2026/05/25,星期一,21:30,22:20,飛輪課程,Tim,飛輪教室,False
新北三重,2026/05/26,星期二,08:30,09:30,iPARTY愛派對,Mountain C.,有氧大教室,False
新北三重,2026/05/26,星期二,09:40,10:40,串聯瑜珈,鄭凱爾,有氧大教室,False
新北三重,2026/05/26,星期二,10:50,11:50,戰鬥有氧,Ray L.,有氧大教室,False
新北三重,2026/05/26,星期二,10:50,11:35,E-Cycle-基礎課程,Poca,飛輪教室,False
新北三重,2026/05/26,星期二,12:15,13:15,POWER PILATES,Cher,有氧大教室,False
新北三重,2026/05/26,星期二,15:10,16:10,樂活極球,Mallie,有氧大教室,False
新北三重,2026/05/26,星期二,18:00,19:00,活力躍蹦,Ray C.,有氧大教室,False
新北三重,2026/05/26,星期二,19:10,20:10,串聯瑜珈,Crystal Y.,有氧大教室,False
新北三重,2026/05/26,星期二,19:10,20:00,E-Cycle-耐力循環,James鄧,飛輪教室,False
新北三重,2026/05/26,星期二,20:20,21:20,全能踏板,蔡波能,有氧大教室,False
新北三重,2026/05/26,星期二,20:20,21:10,飛輪課程,Alice C.,飛輪教室,False
新北三重,2026/05/26,星期二,21:30,22:30,和緩瑜珈,ViVi C.,有氧大教室,True
新北三重,2026/05/26,星期二,21:30,22:20,飛輪課程,Hope S.,飛輪教室,False
新北三重,2026/05/27,星期三,09:40,10:40,全能踏板,YoYo.L,有氧大教室,False
新北三重,2026/05/27,星期三,10:50,11:50,樂活瑜珈,YoYo.L,有氧大教室,False
新北三重,2026/05/27,星期三,12:15,13:15,活力躍蹦,Baro L.,有氧大教室,True
新北三重,2026/05/27,星期三,14:00,15:00,基礎瑜珈,Malina,有氧大教室,False
新北三重,2026/05/27,星期三,18:00,19:00,ZUMBA,Lisa劉,有氧大教室,False
新北三重,2026/05/27,星期三,19:10,20:10,樂活極球,Anderson L.,有氧大教室,False
新北三重,2026/05/27,星期三,19:10,20:00,飛輪課程,Anthony W.,飛輪教室,False
新北三重,2026/05/27,星期三,20:20,21:20,和緩瑜珈,Julia L.,有氧大教室,False
新北三重,2026/05/27,星期三,20:20,21:10,E-Cycle-間歇循環,阿國,飛輪教室,False
新北三重,2026/05/27,星期三,21:30,22:30,戰鬥有氧,Kay Y.,有氧大教室,False
新北三重,2026/05/27,星期三,21:30,22:20,飛輪課程,Eric,飛輪教室,False
新北三重,2026/05/28,星期四,08:30,09:30,和緩瑜珈,莎拉,有氧大教室,False
新北三重,2026/05/28,星期四,09:40,10:40,樂活極球,Emma林,有氧大教室,False
新北三重,2026/05/28,星期四,10:50,11:20,⚠️大樓例行性設備檢修，課程暫停乙次,Alice C.,飛輪教室,False
新北三重,2026/05/28,星期四,10:50,11:50,活力躍蹦,Emma林,有氧大教室,False
新北三重,2026/05/28,星期四,12:15,13:15,ZUMBA,徐克威,有氧大教室,False
新北三重,2026/05/28,星期四,15:10,16:10,伸展瑜珈,Kay Y.,有氧大教室,False
新北三重,2026/05/28,星期四,18:00,19:00,POWER PILATES,K.W,有氧大教室,False
新北三重,2026/05/28,星期四,19:10,20:10,戰鬥有氧,嘉圖,有氧大教室,False
新北三重,2026/05/28,星期四,19:10,20:00,飛輪課程,老胖,飛輪教室,False
新北三重,2026/05/28,星期四,20:20,21:20,全能槓鈴,Nati T.,有氧大教室,False
新北三重,2026/05/28,星期四,20:20,21:10,飛輪課程,Chris Ni,飛輪教室,False
新北三重,2026/05/28,星期四,21:30,22:30,體適能瑜珈,Chris Ni,有氧大教室,False
新北三重,2026/05/28,星期四,21:30,22:20,飛輪課程,Summer,飛輪教室,False
新北三重,2026/05/29,星期五,09:40,10:40,樂活瑜珈,Baro L.,有氧大教室,False
新北三重,2026/05/29,星期五,10:50,11:50,全能槓鈴,阿沖,有氧大教室,False
新北三重,2026/05/29,星期五,12:15,13:15,陰瑜珈,Sean,有氧大教室,False
新北三重,2026/05/29,星期五,14:00,15:00,流行MV熱舞,Pinky,有氧大教室,False
新北三重,2026/05/29,星期五,18:00,19:00,花式有氧,徐克威,有氧大教室,False
新北三重,2026/05/29,星期五,19:10,20:10,哈達瑜珈,Winnie葉,有氧大教室,False
新北三重,2026/05/29,星期五,19:10,20:00,飛輪課程,貝貝,飛輪教室,False
新北三重,2026/05/29,星期五,20:20,21:20,活力躍蹦,林大衛,有氧大教室,False
新北三重,2026/05/29,星期五,20:20,21:10,飛輪課程,貝貝,飛輪教室,False
新北三重,2026/05/29,星期五,21:30,22:15,懷舊迪斯可,小奇,有氧大教室,False
新北三重,2026/05/29,星期五,21:30,22:20,飛輪課程,Lion L.,飛輪教室,False
新北三重,2026/05/30,星期六,09:00,10:00,和緩瑜珈,Sean,有氧大教室,False
新北三重,2026/05/30,星期六,10:10,11:10,戰鬥有氧,扁森,有氧大教室,False
新北三重,2026/05/30,星期六,10:10,11:00,飛輪課程,Chuck W.,飛輪教室,True
新北三重,2026/05/30,星期六,14:00,15:00,哈達瑜珈,Kay Y.,有氧大教室,False
新北三重,2026/05/30,星期六,15:10,16:10,活力躍蹦,席歐,有氧大教室,False
新北三重,2026/05/30,星期六,16:20,17:20,活力有氧,Kay Y.,有氧大教室,False
新北三重,2026/05/31,星期日,09:00,10:00,流行MV熱舞,Pinky,有氧大教室,False
新北三重,2026/05/31,星期日,10:10,11:10,伸展瑜珈,Dina,有氧大教室,False
新北三重,2026/05/31,星期日,10:10,11:00,飛輪課程,Charles Y.,飛輪教室,False
新北三重,2026/05/31,星期日,14:00,15:00,樂活極球,Emma林,有氧大教室,False
新北三重,2026/05/31,星期日,15:10,16:10,極限槓鈴,Emma林,有氧大教室,False
新北三重,2026/05/31,星期日,16:20,17:20,樂活瑜珈,Emma林,有氧大教室,True
新北中和,2026/05/25,星期一,09:10,10:10,哈達瑜珈,Sisi W.,有氧大教室,False
新北中和,2026/05/25,星期一,10:20,11:20,超能彈跳,Ulrica C.,有氧大教室,False
新北中和,2026/05/25,星期一,12:15,13:05,飛輪課程,K.S,飛輪教室,False
新北中和,2026/05/25,星期一,14:00,15:00,陰陽瑜珈,Julia Chou,有氧大教室,False
新北中和,2026/05/25,星期一,18:00,19:00,流動瑜珈,SONI,有氧大教室,False
新北中和,2026/05/25,星期一,19:10,20:10,全能踏板,旺旺,有氧大教室,False
新北中和,2026/05/25,星期一,19:10,20:00,飛輪課程,Alice C.,飛輪教室,False
新北中和,2026/05/25,星期一,20:20,21:20,極限槓鈴,金仁,有氧大教室,False
新北中和,2026/05/25,星期一,20:20,21:10,飛輪課程,Alice C.,飛輪教室,False
新北中和,2026/05/25,星期一,21:30,22:30,伸展瑜珈,Yen C.,有氧大教室,False
新北中和,2026/05/26,星期二,09:10,10:10,全能踏板,YoYo.L,有氧大教室,False
新北中和,2026/05/26,星期二,10:20,11:10,飛輪課程,Dr.K,飛輪教室,True
新北中和,2026/05/26,星期二,10:20,11:20,樂活瑜珈,YoYo.L,有氧大教室,False
新北中和,2026/05/26,星期二,12:15,13:15,伸展瑜珈,Sherry,有氧大教室,False
新北中和,2026/05/26,星期二,18:00,19:00,全能槓鈴,饅頭,有氧大教室,False
新北中和,2026/05/26,星期二,19:10,20:00,飛輪課程,Linda,飛輪教室,False
新北中和,2026/05/26,星期二,19:10,20:10,戰鬥有氧,嘉圖,有氧大教室,True
新北中和,2026/05/26,星期二,20:20,21:10,E-Cycle-肌力循環,Linda,飛輪教室,True
新北中和,2026/05/26,星期二,20:20,21:20,輕流動,Emma林,有氧大教室,False
新北中和,2026/05/26,星期二,21:30,22:30,流行MV熱舞,瑋麟,有氧大教室,False
新北中和,2026/05/26,星期二,21:30,22:15,E-Cycle-基礎課程,Jay,飛輪教室,False
新北中和,2026/05/27,星期三,09:10,10:10,和緩瑜珈,Gilbert L.,有氧大教室,False
新北中和,2026/05/27,星期三,10:20,11:20,樂活極球,Mallie,有氧大教室,False
新北中和,2026/05/27,星期三,12:15,13:05,EOXi,Fanny T.,飛輪教室,False
新北中和,2026/05/27,星期三,14:00,15:00,肚皮舞,雅雅,有氧大教室,False
新北中和,2026/05/27,星期三,18:00,19:00,樂活極球,K.W,有氧大教室,False
新北中和,2026/05/27,星期三,19:10,20:10,阿斯坦加瑜珈,鄭凱爾,有氧大教室,False
新北中和,2026/05/27,星期三,19:10,20:00,飛輪課程,貝貝,飛輪教室,False
新北中和,2026/05/27,星期三,20:20,21:20,混合有氧,Jackie,有氧大教室,False
新北中和,2026/05/27,星期三,20:20,21:10,飛輪課程,貝貝,飛輪教室,False
新北中和,2026/05/27,星期三,21:30,22:30,樂活瑜珈,Sherry,有氧大教室,False
新北中和,2026/05/27,星期三,21:30,22:20,飛輪課程,Hope S.,飛輪教室,False
新北中和,2026/05/28,星期四,09:10,10:10,戰鬥有氧,Chris王,有氧大教室,False
新北中和,2026/05/28,星期四,10:20,11:20,皮拉提斯,Chris王,有氧大教室,False
新北中和,2026/05/28,星期四,10:20,11:10,飛輪課程,威廉,飛輪教室,False
新北中和,2026/05/28,星期四,12:15,13:15,全能槓鈴,威廉,有氧大教室,False
新北中和,2026/05/28,星期四,18:00,19:00,陰瑜珈,阿寶,有氧大教室,False
新北中和,2026/05/28,星期四,19:10,20:10,活力躍蹦,Andy S.,有氧大教室,False
新北中和,2026/05/28,星期四,19:10,20:00,E-Cycle-耐力循環,阿國,飛輪教室,False
新北中和,2026/05/28,星期四,20:20,21:20,POWER PILATES,Cher,有氧大教室,False
新北中和,2026/05/28,星期四,20:20,21:10,E-Cycle-間歇循環,天天,飛輪教室,False
新北中和,2026/05/28,星期四,21:30,22:30,樂活極球,Cher,有氧大教室,False
新北中和,2026/05/28,星期四,21:30,22:20,飛輪課程,金仁,飛輪教室,False
新北中和,2026/05/29,星期五,09:10,10:10,極限槓鈴,饅頭,有氧大教室,False
新北中和,2026/05/29,星期五,10:20,11:20,派對雙響炮,小詹,有氧大教室,False
新北中和,2026/05/29,星期五,12:15,13:05,飛輪課程,羅小花,飛輪教室,False
新北中和,2026/05/29,星期五,14:00,15:00,活力有氧,香香,有氧大教室,False
新北中和,2026/05/29,星期五,18:00,19:00,ZUMBA,Hanna Y.,有氧大教室,False
新北中和,2026/05/29,星期五,19:10,20:10,和緩瑜珈,嵐,有氧大教室,False
新北中和,2026/05/29,星期五,19:10,20:00,飛輪課程,K.S,飛輪教室,False
新北中和,2026/05/29,星期五,20:20,21:20,戰鬥有氧,發發,有氧大教室,False
新北中和,2026/05/29,星期五,20:20,21:10,飛輪課程,KiKi黃,飛輪教室,False
新北中和,2026/05/29,星期五,21:30,22:30,活力躍蹦,柏瑞 H.,有氧大教室,False
新北中和,2026/05/30,星期六,09:00,10:00,全能槓鈴,Jay,有氧大教室,False
新北中和,2026/05/30,星期六,10:10,11:10,伸展瑜珈,Kathy C.,有氧大教室,False
新北中和,2026/05/30,星期六,10:10,11:00,E-Cycle-耐力循環,Jay,飛輪教室,False
新北中和,2026/05/30,星期六,13:00,13:50,飛輪課程,Eric,飛輪教室,False
新北中和,2026/05/30,星期六,14:00,15:00,和緩瑜珈,Sean,有氧大教室,True
新北中和,2026/05/30,星期六,15:10,16:10,樂活極球,Anderson L.,有氧大教室,True
新北中和,2026/05/30,星期六,16:20,17:20,戰鬥有氧,小勝,有氧大教室,True
新北中和,2026/05/31,星期日,09:00,10:00,陰陽瑜珈,Cher,有氧大教室,False
新北中和,2026/05/31,星期日,10:10,11:10,樂活極球,Cher,有氧大教室,False
新北中和,2026/05/31,星期日,10:10,11:00,飛輪課程,羅小花,飛輪教室,False
新北中和,2026/05/31,星期日,13:00,13:50,E-Cycle-肌力循環,Leon L.,飛輪教室,False
新北中和,2026/05/31,星期日,14:00,15:00,活力躍蹦,力維,有氧大教室,False
新北中和,2026/05/31,星期日,15:10,16:10,iPARTY愛派對,Mountain C.,有氧大教室,False
新北中和,2026/05/31,星期日,16:20,17:20,輕流動,Mountain C.,有氧大教室,False
新北土城,2026/05/25,星期一,08:30,09:30,極限槓鈴,鐵妹,有氧大教室,False
新北土城,2026/05/25,星期一,09:40,10:40,樂活瑜珈,鐵妹,有氧大教室,False
新北土城,2026/05/25,星期一,10:50,11:50,流行MV熱舞,肉肉,有氧大教室,False
新北土城,2026/05/25,星期一,14:00,15:00,和緩瑜珈,Sean,有氧大教室,False
新北土城,2026/05/25,星期一,18:00,19:00,樂活極球,Mallie,有氧大教室,False
新北土城,2026/05/25,星期一,19:10,20:10,皮拉提斯,Chris王,有氧大教室,False
新北土城,2026/05/25,星期一,19:10,20:00,飛輪課程,小范,飛輪教室,False
新北土城,2026/05/25,星期一,20:20,21:20,戰鬥有氧,許博欽,有氧大教室,False
新北土城,2026/05/25,星期一,20:20,21:10,E-Cycle-肌力循環,佩佩,飛輪教室,False
新北土城,2026/05/25,星期一,21:30,22:30,伸展瑜珈,Sherry,有氧大教室,False
新北土城,2026/05/26,星期二,09:40,10:40,樂活極球,小詹,有氧大教室,False
新北土城,2026/05/26,星期二,10:50,11:50,哈達瑜珈,Gilbert L.,有氧大教室,False
新北土城,2026/05/26,星期二,10:50,11:40,飛輪課程,羅小花,飛輪教室,False
新北土城,2026/05/26,星期二,12:15,13:15,高低衝擊有氧,金剛,有氧大教室,False
新北土城,2026/05/26,星期二,19:10,20:10,極限槓鈴,Abbie,有氧大教室,False
新北土城,2026/05/26,星期二,19:10,20:00,E-Cycle-間歇循環,阿國,飛輪教室,False
新北土城,2026/05/26,星期二,20:20,21:20,POWER PILATES,Cher,有氧大教室,False
新北土城,2026/05/26,星期二,20:20,21:10,飛輪課程,Abbie,飛輪教室,False
新北土城,2026/05/26,星期二,21:30,22:30,自由舞蹈,Cher,有氧大教室,False
新北土城,2026/05/26,星期二,21:30,22:20,飛輪課程,KiKi黃,飛輪教室,False
新北土城,2026/05/27,星期三,08:30,09:30,自由舞蹈,Pinky,有氧大教室,False
新北土城,2026/05/27,星期三,09:40,10:40,陰陽瑜珈,Cher,有氧大教室,False
新北土城,2026/05/27,星期三,10:50,11:50,混合有氧,Cher,有氧大教室,False
新北土城,2026/05/27,星期三,10:50,11:40,飛輪課程,Sherry,飛輪教室,False
新北土城,2026/05/27,星期三,14:00,15:00,戰鬥有氧,嘉圖,有氧大教室,False
新北土城,2026/05/27,星期三,18:00,19:00,流行MV熱舞,瑋麟,有氧大教室,False
新北土城,2026/05/27,星期三,19:10,20:10,伸展瑜珈,SONI,有氧大教室,False
新北土城,2026/05/27,星期三,19:10,20:00,飛輪課程,Hope S.,飛輪教室,False
新北土城,2026/05/27,星期三,20:20,21:20,活力躍蹦,席歐,有氧大教室,False
新北土城,2026/05/27,星期三,20:20,21:10,飛輪課程,Alice C.,飛輪教室,False
新北土城,2026/05/27,星期三,21:30,22:30,全能槓鈴,Linda,有氧大教室,False
新北土城,2026/05/27,星期三,21:30,22:20,飛輪課程,羅小花,飛輪教室,False
新北土城,2026/05/28,星期四,09:40,10:25,蕾之律,Ulrica C.,有氧大教室,False
新北土城,2026/05/28,星期四,10:50,11:50,全能槓鈴,阿沖,有氧大教室,False
新北土城,2026/05/28,星期四,10:50,11:40,飛輪課程,Abbie,飛輪教室,False
新北土城,2026/05/28,星期四,12:15,13:15,POWER PILATES,Abbie,有氧大教室,False
新北土城,2026/05/28,星期四,19:10,20:10,極限戰鬥,小詹,有氧大教室,False
新北土城,2026/05/28,星期四,19:10,20:00,飛輪課程,Dr.K,飛輪教室,False
新北土城,2026/05/28,星期四,20:20,21:20,ZUMBA,珮慈,有氧大教室,False
新北土城,2026/05/28,星期四,20:20,21:10,飛輪課程,Linda,飛輪教室,False
新北土城,2026/05/28,星期四,21:30,22:30,基礎瑜珈,婷婷,有氧大教室,False
新北土城,2026/05/28,星期四,21:30,22:20,E-Cycle-耐力循環,Linda,飛輪教室,False
新北土城,2026/05/29,星期五,08:30,09:30,伸展瑜珈,Sisi W.,有氧大教室,False
新北土城,2026/05/29,星期五,09:40,10:40,戰鬥有氧,Chris王,有氧大教室,False
新北土城,2026/05/29,星期五,10:50,11:50,輕流動,K.W,有氧大教室,False
新北土城,2026/05/29,星期五,14:00,15:00,樂活極球,K.W,有氧大教室,False
新北土城,2026/05/29,星期五,18:00,19:00,POWER PILATES,金剛,有氧大教室,False
新北土城,2026/05/29,星期五,19:10,20:10,階梯有氧,金剛,有氧大教室,False
新北土城,2026/05/29,星期五,19:10,20:00,飛輪課程,Alice C.,飛輪教室,False
新北土城,2026/05/29,星期五,20:20,21:20,陰瑜珈,Kathy C.,有氧大教室,False
新北土城,2026/05/29,星期五,20:20,21:10,飛輪課程,老胖,飛輪教室,False
新北土城,2026/05/29,星期五,21:30,22:30,全能槓鈴,鐵妹,有氧大教室,True
新北土城,2026/05/30,星期六,09:00,10:00,串聯瑜珈,Helen T.,有氧大教室,True
新北土城,2026/05/30,星期六,10:10,11:10,戰鬥有氧,R.K.,有氧大教室,False
新北土城,2026/05/30,星期六,10:10,11:00,EOXi,Brian張,飛輪教室,False
新北土城,2026/05/30,星期六,14:00,15:00,雷米斯熱舞,Jackie,有氧大教室,False
新北土城,2026/05/30,星期六,15:10,16:10,混合有氧,Jackie,有氧大教室,False
新北土城,2026/05/30,星期六,16:20,17:20,伸展瑜珈,ViVi C.,有氧大教室,False
新北土城,2026/05/31,星期日,09:00,10:00,全能踏板,旺旺,有氧大教室,False
新北土城,2026/05/31,星期日,10:10,11:10,輕流動,旺旺,有氧大教室,False
新北土城,2026/05/31,星期日,10:10,11:00,飛輪課程,Hope S.,飛輪教室,False
新北土城,2026/05/31,星期日,14:00,15:00,哈達瑜珈,Megan C.,有氧大教室,False
新北土城,2026/05/31,星期日,15:10,16:10,極限槓鈴,Jay,有氧大教室,False
新北土城,2026/05/31,星期日,16:20,17:20,流行MV熱舞,亞克,有氧大教室,False
新北新莊,2026/05/25,星期一,09:10,10:10,全能踏板,YoYo.L,有氧大教室,False
新北新莊,2026/05/25,星期一,10:20,11:20,樂活瑜珈,YoYo.L,有氧大教室,False
新北新莊,2026/05/25,星期一,14:00,15:00,ZUMBA,Lisa劉,有氧大教室,False
新北新莊,2026/05/25,星期一,18:00,19:00,基礎瑜珈,婷婷,有氧大教室,False
新北新莊,2026/05/25,星期一,19:10,20:10,極限槓鈴,Jay,有氧大教室,False
新北新莊,2026/05/25,星期一,19:10,20:00,飛輪課程,Eric,飛輪教室,False
新北新莊,2026/05/25,星期一,20:20,21:20,POWER PILATES,Cher,有氧大教室,False
新北新莊,2026/05/25,星期一,20:20,21:10,E-Cycle-肌力循環,Jay,飛輪教室,False
新北新莊,2026/05/25,星期一,21:30,22:30,混合有氧,Cher,有氧大教室,False
新北新莊,2026/05/25,星期一,21:30,22:20,飛輪課程,Penny,飛輪教室,False
新北新莊,2026/05/26,星期二,09:10,10:10,體適能舒緩訓練-自備按摩球組,饅頭,有氧大教室,False
新北新莊,2026/05/26,星期二,10:20,11:20,全能槓鈴,饅頭,有氧大教室,False
新北新莊,2026/05/26,星期二,10:20,11:10,飛輪課程,KK T.,飛輪教室,False
新北新莊,2026/05/26,星期二,18:00,19:00,流行爵士,Leyla,有氧大教室,False
新北新莊,2026/05/26,星期二,19:10,20:00,飛輪課程,K.S,飛輪教室,False
新北新莊,2026/05/26,星期二,19:10,20:10,樂活瑜珈,Sherry,有氧大教室,False
新北新莊,2026/05/26,星期二,20:20,21:10,飛輪課程,小狼,飛輪教室,False
新北新莊,2026/05/26,星期二,20:20,21:20,戰鬥有氧,Austin H.,有氧大教室,True
新北新莊,2026/05/26,星期二,21:30,22:20,飛輪課程,老胖,飛輪教室,False
新北新莊,2026/05/26,星期二,21:30,22:30,體適能伸展,小狼,有氧大教室,False
新北新莊,2026/05/27,星期三,09:10,10:10,活力有氧,Lisa劉,有氧大教室,False
新北新莊,2026/05/27,星期三,10:20,11:20,雷米斯熱舞,禎禎,有氧大教室,False
新北新莊,2026/05/27,星期三,14:00,15:00,伸展瑜珈,Winnie葉,有氧大教室,False
新北新莊,2026/05/27,星期三,18:00,19:00,戰鬥有氧,嘉圖,有氧大教室,False
新北新莊,2026/05/27,星期三,19:10,20:10,樂活極球,小詹,有氧大教室,False
新北新莊,2026/05/27,星期三,19:10,20:00,飛輪課程,羅小花,飛輪教室,False
新北新莊,2026/05/27,星期三,20:20,21:20,和緩瑜珈,洛許,有氧大教室,False
新北新莊,2026/05/27,星期三,20:20,21:05,E-Cycle-基礎課程,Tina Y.,飛輪教室,False
新北新莊,2026/05/27,星期三,21:30,22:30,全能踏板,洛許,有氧大教室,False
新北新莊,2026/05/27,星期三,21:30,22:20,飛輪課程,Toki,飛輪教室,False
新北新莊,2026/05/28,星期四,09:10,10:10,極限戰鬥,小詹,有氧大教室,False
新北新莊,2026/05/28,星期四,10:20,11:20,和緩瑜珈,Nonie L.,有氧大教室,False
新北新莊,2026/05/28,星期四,10:20,11:10,飛輪課程,Dr.K,飛輪教室,True
新北新莊,2026/05/28,星期四,18:00,19:00,皮拉提斯,饅頭,有氧大教室,False
新北新莊,2026/05/28,星期四,19:10,20:10,活力躍蹦,席歐,有氧大教室,False
新北新莊,2026/05/28,星期四,19:10,20:00,飛輪課程,Summer,飛輪教室,False
新北新莊,2026/05/28,星期四,20:20,21:20,全能槓鈴,阿沖,有氧大教室,False
新北新莊,2026/05/28,星期四,20:20,21:10,飛輪課程,Tim,飛輪教室,False
新北新莊,2026/05/28,星期四,21:30,22:30,輕流動,K.W,有氧大教室,False
新北新莊,2026/05/28,星期四,21:30,22:20,飛輪課程,Tim,飛輪教室,False
新北新莊,2026/05/29,星期五,09:10,10:10,伸展瑜珈,洛許,有氧大教室,False
新北新莊,2026/05/29,星期五,10:20,11:20,STRONG NATION,洛許,有氧大教室,False
新北新莊,2026/05/29,星期五,14:00,15:00,基礎有氧,央致,有氧大教室,False
新北新莊,2026/05/29,星期五,18:00,18:45,蕾之律,Malina,有氧大教室,False
新北新莊,2026/05/29,星期五,19:10,20:10,哈達瑜珈,Kay Y.,有氧大教室,False
新北新莊,2026/05/29,星期五,19:10,20:00,E-Cycle-間歇循環,阿國,飛輪教室,False
新北新莊,2026/05/29,星期五,20:20,21:20,戰鬥有氧,Kay Y.,有氧大教室,False
新北新莊,2026/05/29,星期五,20:20,21:10,EOXi,Brian張,飛輪教室,False
新北新莊,2026/05/29,星期五,21:30,22:30,活力有氧,Kay Y.,有氧大教室,True
新北新莊,2026/05/29,星期五,21:30,22:20,飛輪課程,K.S,飛輪教室,False
新北新莊,2026/05/30,星期六,09:00,10:00,串聯瑜珈,Megan C.,有氧大教室,False
新北新莊,2026/05/30,星期六,10:10,11:10,活力躍蹦,力維,有氧大教室,False
新北新莊,2026/05/30,星期六,10:10,11:00,飛輪課程,Ariel W.,飛輪教室,True
新北新莊,2026/05/30,星期六,14:00,15:00,伸展瑜珈,Lisa劉,有氧大教室,False
新北新莊,2026/05/30,星期六,15:10,16:10,高低衝擊有氧,Lisa劉,有氧大教室,False
新北新莊,2026/05/30,星期六,16:20,17:20,POWER PILATES,Cher,有氧大教室,False
新北新莊,2026/05/31,星期日,09:00,10:00,戰鬥有氧,Peter L.,有氧大教室,False
新北新莊,2026/05/31,星期日,10:10,11:10,哈達瑜珈,莎拉,有氧大教室,False
新北新莊,2026/05/31,星期日,10:10,11:00,E-Cycle-間歇循環,Poca,飛輪教室,False
新北新莊,2026/05/31,星期日,14:00,15:00,極限槓鈴,鐵妹,有氧大教室,False
新北新莊,2026/05/31,星期日,15:10,16:10,樂活瑜珈,鐵妹,有氧大教室,False
新北新莊,2026/05/31,星期日,16:20,17:20,流行MV熱舞,Pinky,有氧大教室,False
新北板橋,2026/05/25,星期一,08:30,09:30,活力躍蹦,Ulrica C.,有氧大教室,True
新北板橋,2026/05/25,星期一,09:40,10:40,陰瑜珈,Sean,有氧大教室,False
新北板橋,2026/05/25,星期一,10:50,11:50,樂活極球,Mallie,有氧大教室,False
新北板橋,2026/05/25,星期一,14:00,15:00,哈達瑜珈,Kay Y.,有氧大教室,False
新北板橋,2026/05/25,星期一,18:00,19:00,流行MV熱舞,瑋麟,有氧大教室,False
新北板橋,2026/05/25,星期一,19:10,20:10,串聯瑜珈,嵐,有氧大教室,False
新北板橋,2026/05/25,星期一,19:10,20:00,飛輪課程,阿沖,飛輪教室,False
新北板橋,2026/05/25,星期一,20:20,21:20,全能槓鈴,阿沖,有氧大教室,False
新北板橋,2026/05/25,星期一,20:20,21:10,飛輪課程,羅小花,飛輪教室,False
新北板橋,2026/05/25,星期一,21:30,22:30,POWER PILATES,K.W,有氧大教室,False
新北板橋,2026/05/26,星期二,09:40,10:40,ZUMBA,Hanna Y.,有氧大教室,False
新北板橋,2026/05/26,星期二,10:50,11:50,和緩瑜珈,Nonie L.,有氧大教室,False
新北板橋,2026/05/26,星期二,10:50,11:40,飛輪課程,Linda,飛輪教室,False
新北板橋,2026/05/26,星期二,12:15,13:15,高低衝擊有氧,香香,有氧大教室,False
新北板橋,2026/05/26,星期二,18:00,19:00,輕流動,Maureen C.,有氧大教室,False
新北板橋,2026/05/26,星期二,19:10,20:10,全能踏板,Maureen C.,有氧大教室,False
新北板橋,2026/05/26,星期二,19:10,20:00,飛輪課程,Hope S.,飛輪教室,False
新北板橋,2026/05/26,星期二,20:20,21:20,伸展瑜珈,Kathy C.,有氧大教室,False
新北板橋,2026/05/26,星期二,20:20,21:10,EOXi,Kevin L.,飛輪教室,False
新北板橋,2026/05/26,星期二,21:30,22:30,戰鬥有氧,羅羅,有氧大教室,False
新北板橋,2026/05/26,星期二,21:30,22:20,飛輪課程,Summer,飛輪教室,False
新北板橋,2026/05/27,星期三,08:30,09:00,⚠️因大樓進行水塔清洗作業，故部分課程停課一次,Tim H.,有氧大教室,False
新北板橋,2026/05/27,星期三,09:40,10:10,⚠️因大樓進行水塔清洗作業，故部分課程停課一次,昭昭,有氧大教室,False
新北板橋,2026/05/27,星期三,10:50,11:20,⚠️因大樓進行水塔清洗作業，故部分課程停課一次,嘉圖,有氧大教室,False
新北板橋,2026/05/27,星期三,10:50,11:20,⚠️因大樓進行水塔清洗作業，故部分課程停課一次,阿沖,飛輪教室,False
新北板橋,2026/05/27,星期三,14:00,14:30,⚠️因大樓進行水塔清洗作業，故部分課程停課一次,禎禎,有氧大教室,False
新北板橋,2026/05/27,星期三,18:00,19:00,花式階梯,Jackie,有氧大教室,False
新北板橋,2026/05/27,星期三,19:10,20:10,流動瑜珈,Sisi W.,有氧大教室,False
新北板橋,2026/05/27,星期三,19:10,20:00,飛輪課程,KiKi黃,飛輪教室,False
新北板橋,2026/05/27,星期三,20:20,21:20,活力躍蹦,凱凱,有氧大教室,False
新北板橋,2026/05/27,星期三,20:20,21:10,E-Cycle-間歇循環,KiKi黃,飛輪教室,False
新北板橋,2026/05/27,星期三,21:30,22:30,自由舞蹈,Pinky,有氧大教室,False
新北板橋,2026/05/27,星期三,21:30,22:20,飛輪課程,小美,飛輪教室,False
新北板橋,2026/05/28,星期四,09:40,10:40,樂活瑜珈,YoYo.L,有氧大教室,False
新北板橋,2026/05/28,星期四,10:50,11:50,全能槓鈴,YoYo.L,有氧大教室,False
新北板橋,2026/05/28,星期四,10:50,11:40,飛輪課程,KK T.,飛輪教室,False
新北板橋,2026/05/28,星期四,12:15,13:15,伸展瑜珈,Sherry,有氧大教室,False
新北板橋,2026/05/28,星期四,18:00,19:00,阿斯坦加瑜珈,鄭凱爾,有氧大教室,False
新北板橋,2026/05/28,星期四,19:10,20:10,戰鬥有氧,Austin H.,有氧大教室,False
新北板橋,2026/05/28,星期四,19:10,20:00,飛輪課程,Alice C.,飛輪教室,False
新北板橋,2026/05/28,星期四,20:20,21:20,肚皮舞,雅雅,有氧大教室,False
新北板橋,2026/05/28,星期四,20:20,21:10,EOXi,Brian張,飛輪教室,False
新北板橋,2026/05/28,星期四,21:30,22:30,和緩瑜珈,雅雅,有氧大教室,False
新北板橋,2026/05/28,星期四,21:30,22:20,E-Cycle-耐力循環,阿國,飛輪教室,False
新北板橋,2026/05/29,星期五,08:30,09:30,自由舞蹈,宇峰,有氧大教室,False
新北板橋,2026/05/29,星期五,09:40,10:40,活力有氧,阿嘎,有氧大教室,False
新北板橋,2026/05/29,星期五,10:50,11:50,輕流動,Lily C.,有氧大教室,False
新北板橋,2026/05/29,星期五,14:00,15:00,戰鬥有氧,Ray L.,有氧大教室,False
新北板橋,2026/05/29,星期五,18:00,19:00,樂活極球,Anderson L.,有氧大教室,False
新北板橋,2026/05/29,星期五,19:10,20:10,活力躍蹦,力維,有氧大教室,False
新北板橋,2026/05/29,星期五,19:10,20:00,飛輪課程,Ariel W.,飛輪教室,True
新北板橋,2026/05/29,星期五,20:20,21:20,POWER PILATES,小嘻,有氧大教室,False
新北板橋,2026/05/29,星期五,20:20,21:10,E-Cycle-肌力循環,Jay,飛輪教室,False
新北板橋,2026/05/29,星期五,21:30,22:30,極限槓鈴,Jay,有氧大教室,False
新北板橋,2026/05/30,星期六,09:00,10:00,皮拉提斯,饅頭,有氧大教室,True
新北板橋,2026/05/30,星期六,10:10,10:55,懷舊迪斯可,小奇,有氧大教室,False
新北板橋,2026/05/30,星期六,10:10,11:00,E-Cycle-間歇循環,KiKi黃,飛輪教室,False
新北板橋,2026/05/30,星期六,14:00,15:00,伸展瑜珈,Gilbert L.,有氧大教室,False
新北板橋,2026/05/30,星期六,15:10,16:10,超能彈跳,Ulrica C.,有氧大教室,False
新北板橋,2026/05/30,星期六,16:20,17:05,蕾之律,Ulrica C.,有氧大教室,False
新北板橋,2026/05/31,星期日,09:00,10:00,極限槓鈴,Jack H.,有氧大教室,False
新北板橋,2026/05/31,星期日,10:10,11:10,輕流動,Jack H.,有氧大教室,False
新北板橋,2026/05/31,星期日,10:10,11:00,飛輪課程,Ariel W.,飛輪教室,False
新北板橋,2026/05/31,星期日,14:00,15:00,流行MV熱舞,Julia林,有氧大教室,True
新北板橋,2026/05/31,星期日,15:10,16:10,極限戰鬥,Chris Ni,有氧大教室,False
新北板橋,2026/05/31,星期日,16:20,17:20,體適能瑜珈,Chris Ni,有氧大教室,False
新北汐止,2026/05/25,星期一,09:10,10:10,伸展瑜珈,Ivy Chi,有氧大教室,False
新北汐止,2026/05/25,星期一,10:20,11:20,全能踏板,Maureen C.,有氧大教室,False
新北汐止,2026/05/25,星期一,12:15,13:15,活力躍蹦,Amber L.,有氧大教室,False
新北汐止,2026/05/25,星期一,18:00,19:00,陰陽瑜珈,Ivy Chi,有氧大教室,False
新北汐止,2026/05/25,星期一,19:10,19:55,蕾之律,Ulrica C.,有氧大教室,False
新北汐止,2026/05/25,星期一,19:10,20:00,飛輪課程,Canon,飛輪教室,False
新北汐止,2026/05/25,星期一,20:20,21:20,樂活瑜珈,Ulrica C.,有氧大教室,False
新北汐止,2026/05/25,星期一,20:20,21:10,飛輪課程,Canon,飛輪教室,False
新北汐止,2026/05/25,星期一,21:30,22:30,極限槓鈴,Gin W.,有氧大教室,False
新北汐止,2026/05/26,星期二,09:10,10:10,iWALK愛健走,佳佳,有氧大教室,False
新北汐止,2026/05/26,星期二,10:20,11:20,伸展瑜珈,Ivy Chi,有氧大教室,False
新北汐止,2026/05/26,星期二,10:20,11:10,飛輪課程,貝貝,飛輪教室,False
新北汐止,2026/05/26,星期二,13:00,13:40,戰鬥有氧師資考核，歡迎參與🥊,考核師資群,有氧大教室,True
新北汐止,2026/05/26,星期二,14:00,14:45,懷舊迪斯可,Maureen C.,有氧大教室,False
新北汐止,2026/05/26,星期二,18:00,19:00,樂活極球,K.W,有氧大教室,False
新北汐止,2026/05/26,星期二,19:10,20:10,流動瑜珈,Ivy Chi,有氧大教室,False
新北汐止,2026/05/26,星期二,19:10,20:00,飛輪課程,阿虎,飛輪教室,False
新北汐止,2026/05/26,星期二,20:20,21:20,自由舞蹈,Lily C.,有氧大教室,False
新北汐止,2026/05/26,星期二,20:20,21:10,飛輪課程,阿虎,飛輪教室,False
新北汐止,2026/05/26,星期二,21:30,22:20,E-Cycle-肌力循環,Max C.,飛輪教室,False
新北汐止,2026/05/27,星期三,09:10,10:10,芭蕾雕塑,李拉拉,有氧大教室,False
新北汐止,2026/05/27,星期三,10:20,11:20,流行MV熱舞,李拉拉,有氧大教室,False
新北汐止,2026/05/27,星期三,12:15,13:15,樂活瑜珈,Ulrica C.,有氧大教室,False
新北汐止,2026/05/27,星期三,18:00,19:00,ZUMBA,莫莉,有氧大教室,False
新北汐止,2026/05/27,星期三,19:10,20:10,活力躍蹦,Jack H.,有氧大教室,False
新北汐止,2026/05/27,星期三,19:10,20:00,飛輪課程,Jason C.,飛輪教室,True
新北汐止,2026/05/27,星期三,20:20,21:20,輕流動,Maureen C.,有氧大教室,False
新北汐止,2026/05/27,星期三,20:20,21:10,飛輪課程,Jack H.,飛輪教室,False
新北汐止,2026/05/27,星期三,21:30,22:15,輕體塑,Maureen C.,有氧大教室,False
新北汐止,2026/05/28,星期四,09:10,10:10,POWER PILATES,Lily C.,有氧大教室,False
新北汐止,2026/05/28,星期四,10:20,11:20,樂活極球,Lily C.,有氧大教室,False
新北汐止,2026/05/28,星期四,10:20,11:10,E-Cycle-間歇循環,Max C.,飛輪教室,False
新北汐止,2026/05/28,星期四,14:00,15:00,和緩瑜珈,Sean,有氧大教室,False
新北汐止,2026/05/28,星期四,18:00,19:00,串聯瑜珈,Megan C.,有氧大教室,False
新北汐止,2026/05/28,星期四,19:10,20:10,派對有氧,Leona H.,有氧大教室,False
新北汐止,2026/05/28,星期四,19:10,20:00,E-Cycle-耐力循環,Jay,飛輪教室,False
新北汐止,2026/05/28,星期四,20:20,21:20,全能槓鈴,Jay,有氧大教室,False
新北汐止,2026/05/28,星期四,20:20,21:05,E-Cycle-基礎課程,ViVi H.,飛輪教室,False
新北汐止,2026/05/28,星期四,21:30,22:20,飛輪課程,Miso T.,飛輪教室,False
新北汐止,2026/05/29,星期五,09:10,10:00,⚠️大樓電力設備維護，停課乙次,Charlene T.,有氧大教室,False
新北汐止,2026/05/29,星期五,10:20,11:10,⚠️大樓電力設備維護，停課乙次,Megan C.,有氧大教室,False
新北汐止,2026/05/29,星期五,12:15,13:05,⚠️大樓電力設備維護，停課乙次,Leona H.,有氧大教室,False
新北汐止,2026/05/29,星期五,18:00,19:00,全能踏板,Aaron.T,有氧大教室,False
新北汐止,2026/05/29,星期五,19:10,20:10,POWER PILATES,Lily C.,有氧大教室,False
新北汐止,2026/05/29,星期五,19:10,20:00,飛輪課程,Toki,飛輪教室,False
新北汐止,2026/05/29,星期五,20:20,21:20,武力對決,Aaron.T,有氧大教室,False
新北汐止,2026/05/29,星期五,20:20,21:10,E-Cycle-間歇循環,Toki,飛輪教室,False
新北汐止,2026/05/29,星期五,21:30,22:30,和緩瑜珈,Jerry W.,有氧大教室,False
新北汐止,2026/05/30,星期六,09:00,10:00,極限槓鈴,Amber L.,有氧大教室,True
新北汐止,2026/05/30,星期六,10:10,11:10,輕流動,Amber L.,有氧大教室,True
新北汐止,2026/05/30,星期六,10:10,11:00,飛輪課程,Jeremy,飛輪教室,True
新北汐止,2026/05/30,星期六,14:00,15:00,全能踏板,Aaron.T,有氧大教室,False
新北汐止,2026/05/30,星期六,15:10,16:10,伸展瑜珈,Megan C.,有氧大教室,False
新北汐止,2026/05/30,星期六,16:20,17:20,流行MV熱舞,Sun,有氧大教室,False
新北汐止,2026/05/30,星期六,19:00,19:50,飛輪課程,K.S,飛輪教室,False
新北汐止,2026/05/30,星期六,20:10,21:10,輕流動,Naoki,有氧大教室,False
新北汐止,2026/05/31,星期日,09:00,10:00,哈達瑜珈,Jeremy,有氧大教室,True
新北汐止,2026/05/31,星期日,10:10,11:10,活力躍蹦,Charlene T.,有氧大教室,False
新北汐止,2026/05/31,星期日,10:10,11:00,E-Cycle-間歇循環,Jeremy,飛輪教室,True
新北汐止,2026/05/31,星期日,14:00,14:45,懷舊迪斯可,Naoki,有氧大教室,False
新北汐止,2026/05/31,星期日,15:10,16:10,極限槓鈴,饅頭,有氧大教室,False
新北汐止,2026/05/31,星期日,16:20,17:20,皮拉提斯,饅頭,有氧大教室,False
新北汐止,2026/05/31,星期日,19:00,19:50,飛輪課程,饅頭,飛輪教室,False
新北汐止,2026/05/31,星期日,20:10,21:10,混合有氧,Cher,有氧大教室,False
桃園中壢,2026/05/25,星期一,09:10,10:10,樂活極球,Jimmy,有氧大教室,False
桃園中壢,2026/05/25,星期一,10:20,11:20,樂活瑜珈,Jimmy,有氧大教室,False
桃園中壢,2026/05/25,星期一,14:00,15:00,雷米斯熱舞,花花,有氧大教室,False
桃園中壢,2026/05/25,星期一,18:10,19:10,階梯有氧,小排,有氧大教室,False
桃園中壢,2026/05/25,星期一,19:20,20:20,瑜珈提斯,Sara D.,有氧大教室,False
桃園中壢,2026/05/25,星期一,19:20,20:10,飛輪課程,儀馨,飛輪教室,False
桃園中壢,2026/05/25,星期一,20:30,21:30,戰鬥有氧,小剛,有氧大教室,False
桃園中壢,2026/05/25,星期一,20:30,21:20,飛輪課程,儀馨,飛輪教室,True
桃園中壢,2026/05/25,星期一,21:40,22:40,POWER PILATES,Manni,有氧大教室,False
桃園中壢,2026/05/26,星期二,08:00,08:45,輕體塑,YoYo,有氧大教室,False
桃園中壢,2026/05/26,星期二,09:10,10:10,輕流動,YoYo,有氧大教室,False
桃園中壢,2026/05/26,星期二,10:20,11:20,全能槓鈴,阿欽,有氧大教室,False
桃園中壢,2026/05/26,星期二,10:20,11:10,飛輪課程,Elan,飛輪教室,False
桃園中壢,2026/05/26,星期二,12:10,13:10,瑜珈提斯,Alan L.,有氧大教室,False
桃園中壢,2026/05/26,星期二,18:10,18:55,蕾之律,Anita Y.,有氧大教室,False
桃園中壢,2026/05/26,星期二,19:20,20:20,全能踏板,Ben Y.,有氧大教室,False
桃園中壢,2026/05/26,星期二,19:20,20:10,E-Cycle-間歇循環,小中,飛輪教室,False
桃園中壢,2026/05/26,星期二,20:30,21:30,伸展瑜珈,小萍Dana,有氧大教室,False
桃園中壢,2026/05/26,星期二,20:30,21:20,飛輪課程,Jason L.,飛輪教室,False
桃園中壢,2026/05/26,星期二,21:40,22:40,活力躍蹦,阿欽,有氧大教室,False
桃園中壢,2026/05/26,星期二,21:40,22:30,飛輪課程,Jason L.,飛輪教室,False
桃園中壢,2026/05/27,星期三,09:10,10:10,武力對決,R.K.,有氧大教室,False
桃園中壢,2026/05/27,星期三,10:20,11:20,哈達瑜珈,秀美,有氧大教室,False
桃園中壢,2026/05/27,星期三,14:00,14:45,蕾之律,Anita Y.,有氧大教室,False
桃園中壢,2026/05/27,星期三,18:10,19:10,輕流動,少宇,有氧大教室,False
桃園中壢,2026/05/27,星期三,19:20,20:20,樂活極球,群偉,有氧大教室,False
桃園中壢,2026/05/27,星期三,19:20,20:10,飛輪課程,小剛,飛輪教室,False
桃園中壢,2026/05/27,星期三,20:30,21:30,全能槓鈴,群偉,有氧大教室,False
桃園中壢,2026/05/27,星期三,20:30,21:20,飛輪課程,小剛,飛輪教室,False
桃園中壢,2026/05/27,星期三,21:40,22:40,樂活瑜珈,Anita Y.,有氧大教室,False
桃園中壢,2026/05/28,星期四,08:00,09:00,伸展瑜珈,莉雅,有氧大教室,False
桃園中壢,2026/05/28,星期四,09:10,10:10,全能槓鈴,群偉,有氧大教室,False
桃園中壢,2026/05/28,星期四,10:20,11:20,ZUMBA,Stella,有氧大教室,False
桃園中壢,2026/05/28,星期四,10:20,11:10,飛輪課程,原原,飛輪教室,False
桃園中壢,2026/05/28,星期四,12:10,13:10,活力有氧,Green,有氧大教室,False
桃園中壢,2026/05/28,星期四,18:10,19:10,極限戰鬥,石頭,有氧大教室,False
桃園中壢,2026/05/28,星期四,19:20,20:20,火箭瑜珈,京蓮,有氧大教室,False
桃園中壢,2026/05/28,星期四,19:20,20:10,飛輪課程,阿文,飛輪教室,False
桃園中壢,2026/05/28,星期四,20:30,21:30,皮瑜塑身,Jackie,有氧大教室,False
桃園中壢,2026/05/28,星期四,20:30,21:20,飛輪課程,R.K.,飛輪教室,False
桃園中壢,2026/05/28,星期四,21:40,22:40,雷米斯熱舞,Jackie,有氧大教室,False
桃園中壢,2026/05/28,星期四,21:40,22:30,飛輪課程,R.K.,飛輪教室,False
桃園中壢,2026/05/29,星期五,09:10,10:10,POWER PILATES,Manni,有氧大教室,False
桃園中壢,2026/05/29,星期五,10:20,11:20,階梯有氧,Green,有氧大教室,False
桃園中壢,2026/05/29,星期五,14:00,15:00,輕流動,少宇,有氧大教室,False
桃園中壢,2026/05/29,星期五,18:10,19:10,哈達瑜珈,莉雅,有氧大教室,True
桃園中壢,2026/05/29,星期五,19:20,20:20,活力躍蹦,群偉,有氧大教室,False
桃園中壢,2026/05/29,星期五,19:20,20:10,飛輪課程,Martin,飛輪教室,False
桃園中壢,2026/05/29,星期五,20:30,21:30,輕流動,YoYo,有氧大教室,False
桃園中壢,2026/05/29,星期五,20:30,21:20,飛輪課程,群偉,飛輪教室,False
桃園中壢,2026/05/29,星期五,21:40,22:40,極限槓鈴,YoYo,有氧大教室,False
桃園中壢,2026/05/30,星期六,09:00,10:00,POWER PILATES,Shawn,有氧大教室,False
桃園中壢,2026/05/30,星期六,10:10,11:10,活力有氧,書緯,有氧大教室,True
桃園中壢,2026/05/30,星期六,10:10,11:00,飛輪課程,Martin,飛輪教室,False
桃園中壢,2026/05/30,星期六,11:20,12:20,療癒瑜珈,LuLu,有氧大教室,False
桃園中壢,2026/05/30,星期六,15:00,16:00,ZUMBA,肉桂,有氧大教室,False
桃園中壢,2026/05/30,星期六,16:10,17:10,哈達瑜珈,小萍Dana,有氧大教室,False
桃園中壢,2026/05/30,星期六,17:20,18:20,全能踏板,Walis L.,有氧大教室,False
桃園中壢,2026/05/31,星期日,09:00,10:00,極限槓鈴,洛許,有氧大教室,False
桃園中壢,2026/05/31,星期日,10:10,11:10,伸展瑜珈,秀美,有氧大教室,False
桃園中壢,2026/05/31,星期日,10:10,11:00,E-Cycle-耐力循環,米亞,飛輪教室,False
桃園中壢,2026/05/31,星期日,11:20,12:20,戰鬥有氧,R.K.,有氧大教室,False
桃園中壢,2026/05/31,星期日,15:00,16:00,火箭瑜珈,京蓮,有氧大教室,False
桃園中壢,2026/05/31,星期日,16:10,17:10,活力躍蹦,YoYo,有氧大教室,False
桃園中壢,2026/05/31,星期日,17:20,18:20,輕流動,YoYo,有氧大教室,False
高雄楠梓,2026/05/25,星期一,09:10,09:55,輕體塑,Kerry T.,有氧大教室,False
高雄楠梓,2026/05/25,星期一,10:20,11:20,POWER PILATES,Kerry T.,有氧大教室,False
高雄楠梓,2026/05/25,星期一,14:00,15:00,阿斯坦加瑜珈,Mina,有氧大教室,False
高雄楠梓,2026/05/25,星期一,18:10,19:10,武力對決,柏翔,有氧大教室,False
高雄楠梓,2026/05/25,星期一,19:20,20:20,瑜珈提斯,柏翔,有氧大教室,False
高雄楠梓,2026/05/25,星期一,19:20,20:10,E-Cycle-肌力循環,紫芸,飛輪教室,True
高雄楠梓,2026/05/25,星期一,20:30,21:30,極限槓鈴,健璋,有氧大教室,False
高雄楠梓,2026/05/25,星期一,20:30,21:20,E-Cycle-間歇循環,紫芸,飛輪教室,False
高雄楠梓,2026/05/25,星期一,21:40,22:40,輕流動,健璋,有氧大教室,False
高雄楠梓,2026/05/26,星期二,08:00,09:00,運動節奏訓練,馬丁,有氧大教室,False
高雄楠梓,2026/05/26,星期二,09:10,10:10,傳統瑜珈,虹妃,有氧大教室,False
高雄楠梓,2026/05/26,星期二,10:20,11:20,全能踏板,儂儂,有氧大教室,False
高雄楠梓,2026/05/26,星期二,10:20,11:10,飛輪課程,馬丁,飛輪教室,False
高雄楠梓,2026/05/26,星期二,12:10,13:10,樂活極球,采禾,有氧大教室,False
高雄楠梓,2026/05/26,星期二,15:00,15:45,懷舊迪斯可,千千,有氧大教室,False
高雄楠梓,2026/05/26,星期二,18:10,19:10,POWER PILATES,Kerry T.,有氧大教室,True
高雄楠梓,2026/05/26,星期二,19:20,20:10,E-Cycle-耐力循環,Elissa,飛輪教室,False
高雄楠梓,2026/05/26,星期二,19:20,20:05,輕體塑,Kerry T.,有氧大教室,True
高雄楠梓,2026/05/26,星期二,20:30,21:30,活力躍蹦,小虎,有氧大教室,False
高雄楠梓,2026/05/26,星期二,20:30,21:20,飛輪課程,Wiggins,飛輪教室,False
高雄楠梓,2026/05/26,星期二,21:40,22:30,飛輪課程,Didi,飛輪教室,False
高雄楠梓,2026/05/27,星期三,08:00,09:00,輕流動,安,有氧大教室,False
高雄楠梓,2026/05/27,星期三,09:10,10:10,極限槓鈴,安,有氧大教室,False
高雄楠梓,2026/05/27,星期三,10:20,11:20,串聯瑜珈,Peggy L.,有氧大教室,False
高雄楠梓,2026/05/27,星期三,14:00,15:00,歐式階梯,小羽,有氧大教室,False
高雄楠梓,2026/05/27,星期三,18:10,19:10,全能踏板,Michelle,有氧大教室,False
高雄楠梓,2026/05/27,星期三,19:20,20:10,E-Cycle-間歇循環,Jun,飛輪教室,False
高雄楠梓,2026/05/27,星期三,19:20,20:05,懷舊迪斯可,Michelle,有氧大教室,False
高雄楠梓,2026/05/27,星期三,20:30,21:30,哈達瑜珈,Jun,有氧大教室,False
高雄楠梓,2026/05/27,星期三,20:30,21:20,飛輪課程,大忠,飛輪教室,False
高雄楠梓,2026/05/27,星期三,21:40,22:40,運動節奏訓練,馬丁,有氧大教室,False
高雄楠梓,2026/05/28,星期四,08:00,09:00,韓風MV舞蹈,楊楊,有氧大教室,False
高雄楠梓,2026/05/28,星期四,09:10,10:10,樂活瑜珈,赫恩,有氧大教室,False
高雄楠梓,2026/05/28,星期四,10:20,11:10,E-Cycle-耐力循環,紫芸,飛輪教室,False
高雄楠梓,2026/05/28,星期四,10:20,11:20,身體功能性訓練,Michael L.,有氧大教室,False
高雄楠梓,2026/05/28,星期四,12:10,13:10,武力對決,史特濃,有氧大教室,False
高雄楠梓,2026/05/28,星期四,13:30,14:30,私人收費包班課程，不對外開放,Mina,有氧大教室,False
高雄楠梓,2026/05/28,星期四,15:00,16:00,輕流動,史特濃,有氧大教室,False
高雄楠梓,2026/05/28,星期四,18:10,19:10,全能槓鈴,力瑋,有氧大教室,False
高雄楠梓,2026/05/28,星期四,19:20,20:10,EOXi,小羽,飛輪教室,False
高雄楠梓,2026/05/28,星期四,19:20,20:20,POWER PILATES,菁苗,有氧大教室,False
高雄楠梓,2026/05/28,星期四,20:30,21:30,歐式有氧,小羽,有氧大教室,False
高雄楠梓,2026/05/28,星期四,20:30,21:15,E-Cycle-基礎課程,力瑋,飛輪教室,False
高雄楠梓,2026/05/28,星期四,21:40,22:30,E-Cycle-間歇循環,Hannah C.,飛輪教室,False
高雄楠梓,2026/05/29,星期五,09:10,10:10,活力躍蹦,Jun,有氧大教室,False
高雄楠梓,2026/05/29,星期五,10:20,11:05,懷舊迪斯可,愛瑪,有氧大教室,False
高雄楠梓,2026/05/29,星期五,14:00,14:45,蕾之律,Kerry T.,有氧大教室,False
高雄楠梓,2026/05/29,星期五,18:10,19:10,伸展瑜珈,雅雯,有氧大教室,False
高雄楠梓,2026/05/29,星期五,19:20,20:20,全能踏板,Jason L,有氧大教室,False
高雄楠梓,2026/05/29,星期五,19:20,20:10,E-Cycle-肌力循環,Mixer,飛輪教室,False
高雄楠梓,2026/05/29,星期五,20:30,21:30,輕流動,Mixer,有氧大教室,False
高雄楠梓,2026/05/29,星期五,20:30,21:20,飛輪課程,Jason L,飛輪教室,False
高雄楠梓,2026/05/29,星期五,21:40,22:40,舞動拉丁,鄭谷裕,有氧大教室,True
高雄楠梓,2026/05/30,星期六,09:10,10:10,全能踏板,儂儂,有氧大教室,True
高雄楠梓,2026/05/30,星期六,10:20,11:20,舒緩瑜珈,Peggy L.,有氧大教室,False
高雄楠梓,2026/05/30,星期六,10:20,11:10,E-Cycle-肌力循環,紫芸,飛輪教室,True
高雄楠梓,2026/05/30,星期六,14:00,15:00,武力對決,Michelle,有氧大教室,False
高雄楠梓,2026/05/30,星期六,15:10,16:10,樂活瑜珈,Michelle,有氧大教室,False
高雄楠梓,2026/05/30,星期六,16:20,17:20,階梯有氧,柏翔,有氧大教室,False
高雄楠梓,2026/05/30,星期六,18:10,19:10,爵士放克,Jennifer,有氧大教室,False
高雄楠梓,2026/05/30,星期六,19:20,20:20,哈達瑜珈,雅雯,有氧大教室,False
高雄楠梓,2026/05/30,星期六,19:20,20:10,E-Cycle-耐力循環,Hannah C.,飛輪教室,False
高雄楠梓,2026/05/31,星期日,09:10,10:10,伸展瑜珈,雅雯,有氧大教室,False
高雄楠梓,2026/05/31,星期日,10:20,11:05,懷舊迪斯可,愛瑪,有氧大教室,True
高雄楠梓,2026/05/31,星期日,10:20,11:10,飛輪課程,Wiggins,飛輪教室,False
高雄楠梓,2026/05/31,星期日,14:00,15:00,陰陽瑜珈,雅雯,有氧大教室,True
高雄楠梓,2026/05/31,星期日,15:10,15:55,輕體塑,QR,有氧大教室,False
高雄楠梓,2026/05/31,星期日,16:20,17:20,全能踏板,QR,有氧大教室,False
高雄楠梓,2026/05/31,星期日,18:10,19:10,輕流動,史特濃,有氧大教室,False
高雄楠梓,2026/05/31,星期日,19:20,20:10,E-Cycle-間歇循環,史特濃,飛輪教室,False
高雄鳳山,2026/05/25,星期一,09:10,10:10,極限槓鈴,Michelle,有氧大教室,False
高雄鳳山,2026/05/25,星期一,10:20,11:20,哈達瑜珈,Michelle,有氧大教室,False
高雄鳳山,2026/05/25,星期一,14:00,15:00,POWER PILATES,Mixer,有氧大教室,False
高雄鳳山,2026/05/25,星期一,15:10,16:10,武力對決,柏翔,有氧大教室,False
高雄鳳山,2026/05/25,星期一,18:10,18:55,蕾之律,雅琪,有氧大教室,False
高雄鳳山,2026/05/25,星期一,19:20,20:20,活力躍蹦,Kenny,有氧大教室,False
高雄鳳山,2026/05/25,星期一,19:20,20:10,E-Cycle-耐力循環,Elissa,飛輪教室,False
高雄鳳山,2026/05/25,星期一,20:30,21:30,輕流動,Elissa,有氧大教室,False
高雄鳳山,2026/05/25,星期一,20:30,21:20,飛輪課程,佳臻,飛輪教室,False
高雄鳳山,2026/05/25,星期一,21:40,22:40,流行MV熱舞,惠鈴,有氧大教室,False
高雄鳳山,2026/05/25,星期一,21:40,22:30,飛輪課程,Didi,飛輪教室,False
高雄鳳山,2026/05/26,星期二,08:00,09:00,iPARTY愛派對,可可,有氧大教室,False
高雄鳳山,2026/05/26,星期二,09:10,10:10,輕流動,Alan,有氧大教室,False
高雄鳳山,2026/05/26,星期二,10:20,11:20,全能踏板,Alan,有氧大教室,False
高雄鳳山,2026/05/26,星期二,10:20,11:10,EOXi,艾倫,飛輪教室,False
高雄鳳山,2026/05/26,星期二,14:00,14:50,飛輪課程,大忠,飛輪教室,False
高雄鳳山,2026/05/26,星期二,18:10,19:10,階梯有氧,Niko,有氧大教室,False
高雄鳳山,2026/05/26,星期二,18:10,18:55,E-Cycle-基礎課程,力瑋,飛輪教室,False
高雄鳳山,2026/05/26,星期二,19:20,20:20,姿位放鬆(自備按摩球),Aiden,有氧大教室,False
高雄鳳山,2026/05/26,星期二,19:20,20:10,飛輪課程,千又,飛輪教室,False
高雄鳳山,2026/05/26,星期二,20:30,21:30,STRONG NATION,Tayen,有氧大教室,False
高雄鳳山,2026/05/26,星期二,20:30,21:20,E-Cycle-肌力循環,赫恩,飛輪教室,False
高雄鳳山,2026/05/26,星期二,21:40,22:40,樂活瑜珈,赫恩,有氧大教室,False
高雄鳳山,2026/05/26,星期二,21:40,22:30,飛輪課程,千又,飛輪教室,False
高雄鳳山,2026/05/27,星期三,09:10,10:10,武力對決,昭聖,有氧大教室,False
高雄鳳山,2026/05/27,星期三,10:20,11:20,樂活瑜珈,昭聖,有氧大教室,False
高雄鳳山,2026/05/27,星期三,14:00,15:00,基礎階梯,Emma T.,有氧大教室,False
高雄鳳山,2026/05/27,星期三,15:10,16:10,哈達瑜珈,Ellie D.,有氧大教室,False
高雄鳳山,2026/05/27,星期三,18:10,19:10,陰瑜珈,小風,有氧大教室,False
高雄鳳山,2026/05/27,星期三,19:20,20:20,極限槓鈴,Alan,有氧大教室,False
高雄鳳山,2026/05/27,星期三,19:20,20:10,飛輪課程,Terry,飛輪教室,False
高雄鳳山,2026/05/27,星期三,20:30,21:30,POWER PILATES,Alan,有氧大教室,False
高雄鳳山,2026/05/27,星期三,20:30,21:20,E-Cycle-間歇循環,Emily,飛輪教室,False
高雄鳳山,2026/05/27,星期三,21:40,22:25,輕體塑,Jordan,有氧大教室,False
高雄鳳山,2026/05/27,星期三,21:40,22:30,飛輪課程,Elissa,飛輪教室,False
高雄鳳山,2026/05/28,星期四,08:00,08:30,⚠️空調設備更新，有氧教室課程停課,Ellie D.,有氧大教室,False
高雄鳳山,2026/05/28,星期四,10:20,11:10,EOXi,Turbo,飛輪教室,False
高雄鳳山,2026/05/28,星期四,14:00,14:50,E-Cycle-耐力循環,赫恩,飛輪教室,False
高雄鳳山,2026/05/28,星期四,18:10,19:00,E-Cycle-間歇循環,Mixer,飛輪教室,False
高雄鳳山,2026/05/28,星期四,19:20,20:05,E-Cycle-基礎課程,紫芸,飛輪教室,False
高雄鳳山,2026/05/28,星期四,20:30,21:20,E-Cycle-間歇循環,紫芸,飛輪教室,True
高雄鳳山,2026/05/28,星期四,21:40,22:30,E-Cycle-肌力循環,紫芸,飛輪教室,False
高雄鳳山,2026/05/29,星期五,08:00,08:30,⚠️空調設備更新，有氧教室課程停課,Ellie D.,有氧大教室,False
高雄鳳山,2026/05/29,星期五,19:20,20:10,飛輪課程,Candy.H,飛輪教室,False
高雄鳳山,2026/05/29,星期五,20:30,21:20,飛輪課程,Candy.H,飛輪教室,False
高雄鳳山,2026/05/29,星期五,21:40,22:30,飛輪課程,小胖,飛輪教室,False
高雄鳳山,2026/05/30,星期六,08:00,08:30,⚠️空調設備更新，有氧教室課程停課,Ellie D.,有氧大教室,False
高雄鳳山,2026/05/30,星期六,11:30,12:20,飛輪課程,小風,飛輪教室,False
高雄鳳山,2026/05/30,星期六,15:10,16:00,E-Cycle-耐力循環,Mango,飛輪教室,True
高雄鳳山,2026/05/31,星期日,08:00,08:30,⚠️空調設備更新，有氧教室課程停課,Ellie D.,有氧大教室,False
高雄鳳山,2026/05/31,星期日,11:30,12:20,飛輪課程,丹尼爾,飛輪教室,True
高雄鳳山,2026/05/31,星期日,15:10,16:00,E-Cycle-肌力循環,Emily,飛輪教室,True
